{"cameraMode":{"drawMode":0,"name":"Shaded","section":"Shading Mode"},"sceneLighting":true,"audioPlay":false,"sceneViewState":{"showFog":true,"showMaterialUpdate":false,"showSkybox":true,"showFlares":true,"showImageEffects":true,"showParticleSystems":true},"in2DMode":false,"pivot":{"x":1.4729137420654297,"y":-2.3214468955993654,"z":-2.356527328491211},"rotation":{"x":-0.06454122811555863,"y":0.9268414378166199,"z":-0.18769626319408418,"w":-0.3187083899974823},"size":22.230504989624025,"orthographic":false}